{"stats":{"minecraft:custom":{"minecraft:jump":73,"minecraft:time_since_rest":1527,"minecraft:damage_dealt":248,"minecraft:leave_game":1,"minecraft:sprint_one_cm":6478,"minecraft:play_time":1527,"minecraft:damage_taken":103,"minecraft:time_since_death":1527,"minecraft:walk_one_cm":2238,"minecraft:sneak_time":6,"minecraft:total_world_time":1527,"minecraft:drop":1,"minecraft:fall_one_cm":1312,"minecraft:fly_one_cm":13668,"minecraft:player_kills":1},"minecraft:dropped":{"minecraft:wheat_seeds":1},"minecraft:mined":{"minecraft:grass":4},"minecraft:picked_up":{"minecraft:wheat_seeds":1}},"DataVersion":3465}